Cust_id,Cust_name,Dob,Age,Gender,Cust_Language,Mobail Number,City_code
1,Sanket Disale,2003-04-22,20,Male,English,9356456616,411037
2,Dhruv Kshirsagar,2003-11-22,20,Male,Hindi,9356456616,413304
3,Sanket Sarvalkar,1977-07-30,46,Male,Marathi,9356456616,411037
4,Barjraj,1995-09-13,27,Male,English,9356456616,413304
5,Ramdin verma,2011-06-06,12,Male,English,9356456616,413304
6,sharat chandran,1987-10-03,35,Male,English,9356456616,413304
7,birender mandal,1983-06-10,40,Male,English,9356456616,413304
8,Amit,1999-07-06,24,Male,Marathi,9356456616,413304
9,kushal,1975-12-14,47,Male,Marathi,9356456616,413304
10,kasid,2006-03-14,17,Male,Marathi,9356456616,412205
11,shiv prakash,2009-04-06,14,Male,Marathi,9356456616,411037
12,vikram singh,2001-04-18,22,Male,Marathi,9356456616,412205
13,sanjay,2009-02-20,14,Male,Marathi,9356456616,411037
14,abhi,2003-01-21,20,Male,Marathi,9356456616,412205
15,ram  gupta,1990-11-16,32,Male,Marathi,9356456616,412205
16,khadak singh,1988-12-21,34,Male,Marathi,9356456616,411037
17,gurmit singh,1993-04-06,30,Male,Marathi,9356456616,412205
18,chanderpal,1978-09-27,44,Male,Hindi,9356456616,413304
19,aman,1990-05-10,33,Male,Hindi,9356456616,412205
20,khursid,1989-03-06,34,Male,Hindi,9356456616,411037
21,rajeev,1999-10-01,23,Male,Hindi,9356456616,411037
22,durgesh,1993-10-17,29,Male,Hindi,9356456616,413304
23,nahar singh,2007-11-26,15,Male,Hindi,9356456616,413304
24,ram kumar,2012-09-27,10,Male,Hindi,9356456616,411037
25,sunder paal,2010-02-26,13,Male,Hindi,9356456616,412205
26,maansingh aswal,2010-03-07,13,Male,Hindi,9356456616,413304
27,rohit,1992-08-07,31,Male,Hindi,9356456616,411037
28,rohit,1992-03-14,31,Male,Hindi,9356456616,412205
29,sparsh,2009-04-05,14,Male,Hindi,9356456616,411037
30,santosh,1981-01-02,42,Male,Hindi,9356456616,411037
31,santosh,2010-05-23,13,Male,Hindi,9356456616,411037
32,punit khandelwal,2000-11-04,22,Male,English,9356456616,411037
33,dinesh,2004-01-30,19,Male,English,9356456616,413304
34,gulshan,1981-09-07,41,Male,English,9356456616,412205
35,arvind kumar yadav,1984-05-16,39,Male,Marathi,9356456616,411037
36,nausad,1993-07-27,30,Male,Marathi,9356456616,413304
37,gurmit singh,2007-06-10,16,Male,Marathi,9356456616,413304
38,md. afsar,2007-02-22,16,Male,Marathi,9356456616,412205
39,shiv shakti singh,1990-08-16,33,Male,Marathi,9356456616,413304
40,moti lal,2006-05-21,17,Male,Marathi,9356456616,412205
41,kausal kumar,2008-10-12,14,Male,Marathi,9356456616,413304
42,rohit,1976-04-25,47,Male,Marathi,9356456616,411037
43,rohit,1986-07-14,37,Male,Marathi,9356456616,412205
44,mohabbat ali,1999-04-26,24,Male,Marathi,9356456616,412205
45,raj kumar,1979-07-28,44,Male,Hindi,9356456616,413304
46,jaswant singh,1984-10-18,38,Male,Hindi,9356456616,413304
47,sevak ,2013-05-24,10,Male,Hindi,9356456616,412205
48,chotelal,1985-07-10,38,Male,English,9356456616,413304
49,amit,1995-06-17,28,Male,English,9356456616,412205
50,rupesh,1997-08-02,26,Male,English,9356456616,412205
51,midda,1990-02-17,33,Male,Marathi,9356456616,411037
52,dharam singh,1999-04-14,24,Male,Marathi,9356456616,412205
53,manoj yadav ,1990-04-25,33,Male,Marathi,9356456616,413304
54,ram singh,1995-09-12,27,Male,Marathi,9356456616,413304
55,preetam kumar,1982-09-05,40,Male,Marathi,9356456616,413304
56,ram kumar,2003-10-07,19,Male,Marathi,9356456616,411037
57,sarain,2000-12-26,22,Male,Marathi,9356456616,412205
58,pankaj kumar,1980-10-29,42,Male,Marathi,9356456616,412205
59,sheak shakir,1991-05-06,32,Male,Marathi,9356456616,411037
60,riyasat ali,1989-10-23,33,Male,Marathi,9356456616,411037
61,vinit katariya,1991-08-23,32,Male,Hindi,9356456616,411037
62,sumit,1995-06-09,28,Male,Hindi,9356456616,413304
63,arindra,2003-08-27,19,Male,Hindi,9356456616,411037
64,kali charan,1984-06-27,39,Male,English,9356456616,413304
65,badshya khan,1997-02-28,26,Male,English,9356456616,413304
66,vikash,2003-10-27,19,Male,English,9356456616,412205
67,devinder chadda,1983-08-10,40,Male,Marathi,9356456616,413304
68,aman,2012-04-27,11,Male,Marathi,9356456616,411037
69,mohan singh,2010-03-13,13,Male,Marathi,9356456616,412205
70,hemant,2004-04-17,19,Male,Marathi,9356456616,412205
71,shivam,2007-11-03,15,Male,Marathi,9356456616,413304
72,yash mittal,1993-04-16,30,Male,Marathi,9356456616,411037
73,aakash,1988-12-07,34,Male,Marathi,9356456616,411037
74,chandesh,1977-08-03,46,Male,Marathi,9356456616,411037
75,sumit mitra,1999-03-09,24,Male,Marathi,9356456616,412205
76,supriyal sen,1997-06-14,26,Male,Marathi,9356456616,413304
77,gajender singh @ goldy,1975-06-07,48,Male,Hindi,9356456616,411037
78,pooran chand sharma,1991-09-04,31,Male,Hindi,9356456616,411037
79,irfan,1984-08-04,39,Male,Hindi,9356456616,412205
80,azaruddin,1995-07-13,28,Male,Marathi,9356456616,411037
81,mukul yadav,1979-12-21,43,Male,Marathi,9356456616,411037
82,pooran chand sharma,1992-10-17,30,Male,Marathi,9356456616,411037
83,manoj,1996-10-14,26,Male,Marathi,9356456616,411037
84,sanjay charee,1975-01-08,48,Male,Marathi,9356456616,412205
85,raja babu,1984-02-13,39,Male,Hindi,9356456616,412205
86,pawan,1975-11-11,47,Male,Hindi,9356456616,413304
87,sandeep,1992-10-26,30,Male,Hindi,9356456616,412205
88,rajkumar chawla,2003-10-03,19,Male,English,9356456616,413304
89,parvesh,2010-11-08,12,Male,English,9356456616,412205
90,mohd ataullah,1991-05-18,32,Male,English,9356456616,412205
91,neeraj kumar,2011-05-27,12,Male,Marathi,9356456616,411037
92,jamil khan,1999-08-11,24,Male,Marathi,9356456616,412205
93,yogita,2011-09-05,11,Male,Marathi,9356456616,412205
94,rijul aggarwal,1994-09-30,28,Male,Marathi,9356456616,412205
95,mohd shakib,1985-03-19,38,Male,Marathi,9356456616,411037
96,rahul kumar,1994-09-02,28,Male,Marathi,9356456616,413304
97,rajender,2008-08-30,14,Male,Marathi,9356456616,413304
98,suraj,2003-06-29,20,Male,Marathi,9356456616,413304
99,rizwan,1988-10-13,34,Male,Marathi,9356456616,413304
100,sandeep,2009-12-30,13,Male,Marathi,9356456616,412205
101,md mustafa,2003-11-01,19,Male,Hindi,9356456616,411037
102,har parsad,1974-02-28,49,Male,Hindi,9356456616,412205
103,deepak,2003-06-03,20,Male,Hindi,9356456616,412205
104,rahul,1977-05-31,46,Male,English,9356456616,412205
105,abhishekh,2002-10-06,20,Male,English,9356456616,413304
106,shelender yadav,2002-03-20,21,Male,English,9356456616,413304
107,sanjay,1992-04-24,31,Male,Marathi,9356456616,411037
108,ankit,1985-08-05,38,Male,Marathi,9356456616,411037
109,mohd aakib,1982-09-06,40,Male,Marathi,9356456616,412205
110,surender singh chauhan,1990-12-28,32,Male,Marathi,9356456616,412205
111,amit,1999-08-28,23,Male,Marathi,9356456616,412205
112,arjun,2010-10-30,12,Male,Marathi,9356456616,412205
113,rahul sharma,2007-08-04,16,Male,Marathi,9356456616,412205
114,keshar ansari,2009-11-14,13,Male,Marathi,9356456616,411037
115,raju @ chhotu,1994-12-19,28,Male,Marathi,9356456616,412205
116,kuldeep singh,1998-03-01,25,Male,Marathi,9356456616,412205
117,santlal@golu,2002-05-26,21,Male,Hindi,9356456616,411037
118,lalit rana,1976-03-12,47,Male,Hindi,9356456616,412205
119,pulkit sharma,2005-08-17,18,Male,Hindi,9356456616,412205
120,aman soni @ badal,1974-09-25,48,Male,Hindi,9356456616,411037
121,jahoor ahmed meer,2003-02-16,20,Male,Hindi,9356456616,413304
122,sumit,1994-11-11,28,Male,Hindi,9356456616,412205
123,tammanne,2001-04-26,22,Male,Hindi,9356456616,413304
124,kailash kumar,1993-03-25,30,Male,Hindi,9356456616,413304
125,bhagwati prasad,2006-12-29,16,Male,Hindi,9356456616,413304
126,ajay,1982-06-18,41,Male,Hindi,9356456616,413304
127,silender,2006-02-26,17,Male,Hindi,9356456616,413304
128,deepak,1978-02-26,45,Male,Hindi,9356456616,412205
129,akhilesh,1976-03-11,47,Male,Hindi,9356456616,412205
130,dipendra kumar,2012-07-10,11,Male,Hindi,9356456616,413304
131,nitin,1987-07-12,36,Male,Hindi,9356456616,413304
132,doodhnath pandit,1975-03-04,48,Male,Hindi,9356456616,412205
133,aslam allam,1977-12-08,45,Male,English,9356456616,412205
134,rahul,1987-01-06,36,Male,English,9356456616,411037
135,jitender kumar,1983-09-26,39,Male,English,9356456616,412205
136,adnan,1997-10-29,25,Male,Marathi,9356456616,411037
137,vijay,1982-06-23,41,Male,Marathi,9356456616,412205
138,yogesh,2010-09-25,12,Male,Marathi,9356456616,412205
139,kabir,1991-04-08,32,Male,Marathi,9356456616,412205
140,sarvesh,1996-10-26,26,Male,Marathi,9356456616,412205
141,rakesh sarkar,1990-04-11,33,Male,Marathi,9356456616,411037
142,akash gupta,2009-10-18,13,Male,Marathi,9356456616,412205
143,rahul,1996-10-12,26,Male,Marathi,9356456616,411037
144,pintu thakur,1997-11-06,25,Male,Marathi,9356456616,411037
145,vivek,1984-04-21,39,Male,Marathi,9356456616,413304
146,mohd khairul,2012-01-12,11,Male,Hindi,9356456616,412205
147,farmaan khan,2008-08-11,15,Male,Hindi,9356456616,412205
148,vansu dev,1988-11-26,34,Male,Hindi,9356456616,412205
149,vansu dev,2013-05-31,10,Male,English,9356456616,413304
150,shyam kumar,2007-02-25,16,Male,English,9356456616,413304
151,shafibul,1977-09-21,45,Male,English,9356456616,413304
152,lalit kathuriya,2003-04-03,20,Male,Marathi,9356456616,413304
153,pooran chand,2003-10-28,19,Male,Marathi,9356456616,412205
154,aamir hussain,1993-08-09,30,Male,Marathi,9356456616,412205
155,kamal jit singh,1983-10-14,39,Male,Marathi,9356456616,413304
156,shiv kumar,1978-06-05,45,Male,Marathi,9356456616,412205
157,mayank chaudhary ,1995-03-24,28,Male,Marathi,9356456616,413304
158,rohit,2012-10-18,10,Male,Marathi,9356456616,413304
159,som dutt,2004-04-02,19,Male,Marathi,9356456616,412205
160,bablu regar,1991-12-29,31,Male,Marathi,9356456616,412205
161,rohit,2008-04-12,15,Male,Marathi,9356456616,412205
162,rajkumar,1998-10-25,24,Male,Hindi,9356456616,412205
163,mubarik,1979-11-13,43,Male,Hindi,9356456616,411037
164,niraj,1974-05-25,49,Male,Hindi,9356456616,411037
165,sarbjeet ,1988-07-06,35,Male,English,9356456616,411037
166,axat,1975-03-07,48,Male,English,9356456616,412205
167,amit,1991-12-24,31,Male,English,9356456616,412205
168,anubhav shrivastab,1983-01-10,40,Male,Marathi,9356456616,411037
169,akkash,1989-04-23,34,Male,Marathi,9356456616,413304
170,himanshu,1976-05-04,47,Male,Marathi,9356456616,413304
171,harsh dagar,2011-08-21,12,Male,Marathi,9356456616,411037
172,anil kumar,1992-08-30,30,Male,Marathi,9356456616,413304
173,vijay virmani,2010-05-02,13,Male,Marathi,9356456616,411037
174,vivek auhari,1979-09-04,43,Male,Marathi,9356456616,412205
175,sachin,2013-02-22,10,Male,Marathi,9356456616,413304
176,subhash chand bhatia,2011-07-24,12,Male,Marathi,9356456616,412205
177,bhupender,1983-11-14,39,Male,Marathi,9356456616,412205
178,raghunandan das,1995-04-22,28,Male,Hindi,9356456616,413304
179,sanjay,1980-09-15,42,Male,Hindi,9356456616,413304
180,ajay kumar,1999-03-22,24,Male,Hindi,9356456616,413304
181,yognder,2011-02-11,12,Male,Marathi,9356456616,413304
182,subhash,2002-01-30,21,Male,Marathi,9356456616,413304
183,arun ,1988-12-10,34,Male,Marathi,9356456616,412205
184,rahul,1974-08-16,49,Male,Marathi,9356456616,411037
185,vikas,1995-09-30,27,Male,Marathi,9356456616,411037
186,vinod,1986-03-23,37,Male,Hindi,9356456616,411037
187,salman,2001-10-16,21,Male,Hindi,9356456616,412205
188,mohan kumar,2000-01-12,23,Male,Hindi,9356456616,411037
189,sandeep meghawal,1978-01-31,45,Male,English,9356456616,411037
190,imamudeen,1974-11-08,48,Male,English,9356456616,412205
191,sandeep kumar,1977-04-24,46,Male,English,9356456616,411037
192,tarjan,1994-08-11,29,Male,Marathi,9356456616,412205
193,kuldeep singh,1973-11-25,49,Male,Marathi,9356456616,413304
194,murari,1992-02-18,31,Male,Marathi,9356456616,412205
195,ramvilash,1991-10-27,31,Male,Marathi,9356456616,411037
196,jagdish,1977-10-07,45,Male,Marathi,9356456616,413304
197,vishal,1983-12-09,39,Male,Marathi,9356456616,412205
198,mohd shahid,1977-12-02,45,Male,Marathi,9356456616,411037
199,ramvilash,1997-08-21,26,Male,Marathi,9356456616,411037
200,kuldeep,2012-11-20,10,Male,Marathi,9356456616,411037
201,talim,1994-08-11,29,Male,Marathi,9356456616,412205
202,nanku prasad,1996-07-21,27,Male,Hindi,9356456616,413304
203,bhola sarkar,1994-09-02,28,Male,Hindi,9356456616,411037
204,balraj,2008-08-30,14,Male,Hindi,9356456616,413304
205,ravindra kumar,2003-06-29,20,Male,English,9356456616,413304
206,rohit kumar,1988-10-13,34,Male,English,9356456616,413304
207,uttam kumar ,2009-12-30,13,Male,English,9356456616,413304
208,babalu sen,2003-11-01,19,Male,Marathi,9356456616,411037
209,rustam shah,1974-02-28,49,Male,Marathi,9356456616,413304
210,sukhdev,2003-06-03,20,Male,Marathi,9356456616,411037
211,b vikjay kumar,1977-05-31,46,Male,Marathi,9356456616,413304
213,gopal sharma,2002-10-06,20,Male,Marathi,9356456616,413304
214,beeru,2002-03-20,21,Male,Marathi,9356456616,411037
215,vipin,1992-04-24,31,Male,Marathi,9356456616,412205
216,manish garg,1985-08-05,38,Male,Marathi,9356456616,413304
217,guddu,1982-09-06,40,Male,Marathi,9356456616,413304
218,jatin,1990-12-28,32,Male,Marathi,9356456616,411037
219,amit kumar,1999-08-28,23,Male,Hindi,9356456616,412205
220,amit kumar,2010-10-30,12,Male,Hindi,9356456616,413304
221,shadab,2007-08-04,16,Male,Hindi,9356456616,411037
222,rakesh,2009-11-14,13,Male,Hindi,9356456616,413304
223,guddu,1994-12-19,28,Male,Hindi,9356456616,413304
224,abhishek,1998-03-01,25,Male,Hindi,9356456616,411037
225,gulfam,2002-05-26,21,Male,Hindi,9356456616,411037
226,phoolwati ,1976-03-12,47,Male,Hindi,9356456616,412205
227,mohit maan,2005-08-17,18,Male,Hindi,9356456616,412205
228,veer bhan singh,1974-09-25,48,Male,Hindi,9356456616,412205
229,dinesh kumar,2003-02-16,20,Male,Hindi,9356456616,413304
230,amarjeet,1994-11-11,28,Male,Hindi,9356456616,411037
231,satyadev,2001-04-26,22,Male,Hindi,9356456616,413304
232,mohd. mukhtaar,1993-03-25,30,Male,Hindi,9356456616,412205
233,rishi,2006-12-29,16,Male,Hindi,9356456616,411037
234,esrail khan,1982-06-18,41,Male,Hindi,9356456616,411037
235,suresh kumar,2006-02-26,17,Male,English,9356456616,413304
236,pankaj chand,1978-02-26,45,Male,English,9356456616,413304
237,ajay narayan,1976-03-11,47,Male,English,9356456616,412205
238,mohit ,2012-07-10,11,Male,Marathi,9356456616,413304
239,sumit,1987-07-12,36,Male,Marathi,9356456616,412205
240,saddam,1975-03-04,48,Male,Marathi,9356456616,412205
241,nikhleshwar bhagat,1977-12-08,45,Male,Marathi,9356456616,411037
242,jai singh,1987-01-06,36,Male,Marathi,9356456616,411037
243,deepak,1983-09-26,39,Male,Marathi,9356456616,413304
244,sunil kumar,1997-10-29,25,Male,Marathi,9356456616,412205
245,ram kishan,1982-06-23,41,Male,Marathi,9356456616,411037
246,arun,2010-09-25,12,Male,Marathi,9356456616,412205
247,virender,1991-04-08,32,Male,Marathi,9356456616,411037
248,bishun,1996-10-26,26,Male,Hindi,9356456616,411037
249,pritam singh,1990-04-11,33,Male,Hindi,9356456616,411037
250,akash gupta,2009-10-18,13,Male,Hindi,9356456616,412205
251,kishan,1996-10-12,26,Male,English,9356456616,413304
252,mohd kausar,1997-11-06,25,Male,English,9356456616,412205
253,sachin,1984-04-21,39,Male,English,9356456616,411037
254,harman singh,2012-01-12,11,Male,Marathi,9356456616,411037
255,deepak,2008-08-11,15,Male,Marathi,9356456616,412205
256,rajbir,1988-11-26,34,Male,Marathi,9356456616,413304
257,vinod lal,2013-05-31,10,Male,Marathi,9356456616,412205
259,chander shaker,2007-02-25,16,Male,Marathi,9356456616,411037
260,krishan,1977-09-21,45,Male,Marathi,9356456616,413304
261,ram ji,2003-04-03,20,Male,Marathi,9356456616,413304
262,jony,2003-10-28,19,Male,Marathi,9356456616,411037
263,mohammad ali,1993-08-09,30,Male,Marathi,9356456616,413304
264,ashok kumar ,1983-10-14,39,Male,Marathi,9356456616,412205
265,ravinder ,1978-06-05,45,Male,Hindi,9356456616,411037
266,amit,1995-03-24,28,Male,Hindi,9356456616,413304
267,guman singh basyal,2012-10-18,10,Male,Hindi,9356456616,412205
268,amardeep,2004-04-02,19,Male,English,9356456616,413304
269,jagdish,1991-12-29,31,Male,English,9356456616,411037
270,bharat,2008-04-12,15,Male,English,9356456616,412205
271,azaz,1998-10-25,24,Male,Marathi,9356456616,413304
272,raja kumar,1979-11-13,43,Male,Marathi,9356456616,413304
273,parveen,1974-05-25,49,Male,Marathi,9356456616,413304
274,mahabir prasad,1988-07-06,35,Male,Marathi,9356456616,411037
275,kartik @ kaku,1975-03-07,48,Male,Marathi,9356456616,413304
276,shubham yadav,1991-12-24,31,Male,Marathi,9356456616,412205
277,yogesh,1983-01-10,40,Male,Marathi,9356456616,412205
278,madan,1989-04-23,34,Male,Marathi,9356456616,411037
279,rashid,1976-05-04,47,Male,Marathi,9356456616,411037
280,jitender,2011-08-21,12,Male,Marathi,9356456616,413304
281,pawan kumar,1992-08-30,30,Male,Hindi,9356456616,411037
282,vivek,2010-05-02,13,Male,Hindi,9356456616,413304
283,pintu kumar,1979-09-04,43,Male,Hindi,9356456616,412205
284,deep,2013-02-22,10,Male,Marathi,9356456616,412205
285,dharmbir,2011-07-24,12,Male,Marathi,9356456616,413304
286,rishi kakdia,1983-11-14,39,Male,Marathi,9356456616,411037
287,kunal @ kannu,1995-04-22,28,Male,Marathi,9356456616,411037
288,arman ansari,1980-09-15,42,Male,Marathi,9356456616,413304
289,avinsh,1999-03-22,24,Male,Hindi,9356456616,412205
290,karan,2011-02-11,12,Male,Hindi,9356456616,413304
291,sandeep kumar,2002-01-30,21,Male,Hindi,9356456616,411037
292,sagar,1988-12-10,34,Male,English,9356456616,412205
293,nikhil,1974-08-16,49,Male,English,9356456616,412205
294,raman,1995-09-30,27,Male,English,9356456616,411037
295,sujen manjhi,1986-03-23,37,Male,Marathi,9356456616,411037
296,abhijeet,2001-10-16,21,Male,Marathi,9356456616,411037
297,anshu,2000-01-12,23,Male,Marathi,9356456616,411037
298,sahil,1978-01-31,45,Male,Marathi,9356456616,412205
299,aditya som,1974-11-08,48,Male,Marathi,9356456616,411037
300,gaurav,2000-12-26,22,Male,Marathi,9356456616,412205
301,raja kumar,1980-10-29,42,Male,Marathi,9356456616,411037
302,sunil,1991-05-06,32,Male,Marathi,9356456616,412205
303,ravi kumar,1989-10-23,33,Male,Marathi,9356456616,411037
304,shankar kumar,1991-08-23,32,Male,Marathi,9356456616,412205
305,vishvash,1995-06-09,28,Male,Hindi,9356456616,412205
306,sonia,2003-08-27,19,Male,Hindi,9356456616,412205
307,santosh,1984-06-27,39,Male,Hindi,9356456616,412205
308,kayamuddin,1997-02-28,26,Male,English,9356456616,413304
309,rohit kumar,2003-10-27,19,Male,English,9356456616,412205
310,nandkishore karpenter,1983-08-10,40,Male,English,9356456616,411037
311,lala bhai,2012-04-27,11,Male,Marathi,9356456616,412205
312,kishan rai,2010-03-13,13,Male,Marathi,9356456616,413304
313,mahender kumar,2004-04-17,19,Male,Marathi,9356456616,412205
314,deepak,2007-11-03,15,Male,Marathi,9356456616,413304
315,mohd afzal,1993-04-16,30,Male,Marathi,9356456616,413304
316,satender,1988-12-07,34,Male,Marathi,9356456616,412205
317,shiv prasad singh,1977-08-03,46,Male,Marathi,9356456616,413304
318,mobin,1999-03-09,24,Male,Marathi,9356456616,412205
319,khokan sarkar,1997-06-14,26,Male,Marathi,9356456616,411037
320,vikash,1975-06-07,48,Male,Marathi,9356456616,411037
321,krisana braman,1991-09-04,31,Male,Hindi,9356456616,412205
322,vipol,1984-08-04,39,Male,Hindi,9356456616,413304
323,sanjay,1995-07-13,28,Male,Hindi,9356456616,411037
324,mohd miraj ansari,1979-12-21,43,Male,Hindi,9356456616,411037
325,rajmani,1992-10-17,30,Male,Hindi,9356456616,412205
326,harbir  singh,1996-10-14,26,Male,Hindi,9356456616,412205
327,mohan,1975-01-08,48,Male,Hindi,9356456616,413304
328,farid,1984-02-13,39,Male,Hindi,9356456616,411037
329,yuvraj kumar,1975-11-11,47,Male,Hindi,9356456616,413304
330,charan jeet singh,1992-10-26,30,Male,Hindi,9356456616,411037
331,satish kumar,2003-10-03,19,Male,Hindi,9356456616,412205
332,gappu,2010-11-08,12,Male,Hindi,9356456616,413304
333,nazeem,1991-05-18,32,Male,Hindi,9356456616,412205
334,aamir,2011-05-27,12,Male,Hindi,9356456616,412205
335,vivek sharma,1999-08-11,24,Male,Hindi,9356456616,413304
336,sandeep,2011-09-05,11,Male,Hindi,9356456616,412205
337,gutam,1994-09-30,28,Male,English,9356456616,411037
338,prakul,1985-03-19,38,Male,English,9356456616,411037
339,birjesh,1994-09-02,28,Male,English,9356456616,413304
340,sahil tigga,2008-08-30,14,Male,Marathi,9356456616,413304
341,girishi chand,2003-06-29,20,Male,Marathi,9356456616,412205
342,pavan sharma,1988-10-13,34,Male,Marathi,9356456616,411037
343,ikramuddin,2009-12-30,13,Male,Marathi,9356456616,412205
344,sajan,2003-11-01,19,Male,Marathi,9356456616,413304
345,molu,1974-02-28,49,Male,Marathi,9356456616,412205
346,dilawar,2003-06-03,20,Male,Marathi,9356456616,412205
347,naval kishore,1977-05-31,46,Male,Marathi,9356456616,413304
348,sanjay,2002-10-06,20,Male,Marathi,9356456616,411037
349,ajahar,2002-03-20,21,Male,Marathi,9356456616,411037
350,sanjeev,1992-04-24,31,Male,Hindi,9356456616,413304
351,raman ralhan,1985-08-05,38,Male,Hindi,9356456616,411037
352,raman ralhan,1982-09-06,40,Male,Hindi,9356456616,412205
353,rohit,1990-12-28,32,Male,English,9356456616,411037
354,prem chand,1999-08-28,23,Male,English,9356456616,412205
355,sandhaya,2010-10-30,12,Male,English,9356456616,412205
356,ashish,2007-08-04,16,Male,Marathi,9356456616,412205
357,irfan,2009-11-14,13,Male,Marathi,9356456616,411037
358,jang bahadur,1994-12-19,28,Male,Marathi,9356456616,411037
359,om parkash ahuja,1998-03-01,25,Male,Marathi,9356456616,411037
360,kamre alam,2002-05-26,21,Male,Marathi,9356456616,413304
361,md. raju,1976-03-12,47,Male,Marathi,9356456616,413304
362,dinesh,2005-08-17,18,Male,Marathi,9356456616,412205
363,satpal,1974-09-25,48,Male,Marathi,9356456616,413304
364,ram pyare,2003-02-16,20,Male,Marathi,9356456616,413304
365,suraj singh,1994-11-11,28,Male,Marathi,9356456616,413304
366,ashfaq,2001-04-26,22,Male,Hindi,9356456616,412205
367,shaid,1993-03-25,30,Male,Hindi,9356456616,413304
368,vikas gupta,2006-12-29,16,Male,Hindi,9356456616,413304
369,vijay singh,1982-06-18,41,Male,English,9356456616,411037
370,hari ram,2006-02-26,17,Male,English,9356456616,413304
371,manoj kumar,1978-02-26,45,Male,English,9356456616,411037
372,parash das,1976-03-11,47,Male,Marathi,9356456616,411037
373,mehraj,2012-07-10,11,Male,Marathi,9356456616,411037
374,chetan,1987-07-12,36,Male,Marathi,9356456616,413304
375,bhanwar lal,1975-03-04,48,Male,Marathi,9356456616,413304
376,sanavvar,1977-12-08,45,Male,Marathi,9356456616,412205
377,rahul sharma,1987-01-06,36,Male,Marathi,9356456616,411037
378,mustaq,1983-09-26,39,Male,Marathi,9356456616,411037
379,ramkaran verma,1997-10-29,25,Male,Marathi,9356456616,413304
380,mukhtyar hussain,1982-06-23,41,Male,Marathi,9356456616,413304
381,vakil,2010-09-25,12,Male,Marathi,9356456616,413304
382,bilal malik,1991-04-08,32,Male,Hindi,9356456616,412205
383,radheshyam sen,1996-10-26,26,Male,Hindi,9356456616,411037
384,mukesh,1990-04-11,33,Male,Hindi,9356456616,412205
385,sunil kumar,2009-10-18,13,Male,Marathi,9356456616,413304
386,sunny,1996-10-12,26,Male,Marathi,9356456616,411037
387,jitender rajak,1997-11-06,25,Male,Marathi,9356456616,412205
388,brahamprakash,1984-04-21,39,Male,Marathi,9356456616,413304
389,raju singh,2012-01-12,11,Male,Marathi,9356456616,413304
390,sobit saini,2008-08-11,15,Male,Hindi,9356456616,413304
391,inder dutt,1988-11-26,34,Male,Hindi,9356456616,412205
392,shakir,2013-05-31,10,Male,Hindi,9356456616,411037
393,haseen ahmed,2007-02-25,16,Male,English,9356456616,413304
394,kiran,1977-09-21,45,Male,English,9356456616,411037
395,gulam rashul,2003-04-03,20,Male,English,9356456616,412205
396,rajan,2003-10-28,19,Male,Marathi,9356456616,411037
397,ayush,1993-08-09,30,Male,Marathi,9356456616,411037
398,suraj,1983-10-14,39,Male,Marathi,9356456616,411037
399,sehboob,1978-06-05,45,Male,Marathi,9356456616,412205
400,sanjay kumar s/o,1995-03-24,28,Male,Marathi,9356456616,411037
401,manish,2012-10-18,10,Male,Marathi,9356456616,411037
402,amit kumar yadav,2004-04-02,19,Male,Marathi,9356456616,412205
403,divaraj,1991-12-29,31,Male,Marathi,9356456616,413304
404,kamlesh,2008-04-12,15,Male,Marathi,9356456616,412205
405,rajiv bagoriya,1998-10-25,24,Male,Marathi,9356456616,412205
406,abhinav chaudhary,1979-11-13,43,Male,Hindi,9356456616,413304
407,rahul,1974-05-25,49,Male,Hindi,9356456616,411037
409,azruddin,1988-07-06,35,Male,Hindi,9356456616,412205
410,sanjay kuma,1975-03-07,48,Male,English,9356456616,413304
411,mushir ahmed,1991-12-24,31,Male,English,9356456616,412205
412,vibhuti shyamal,1983-01-10,40,Male,English,9356456616,411037
413,inderjeet,1989-04-23,34,Male,Marathi,9356456616,412205
414,sanjay,1976-05-04,47,Male,Marathi,9356456616,411037
415,golu,2011-08-21,12,Male,Marathi,9356456616,412205
416,lokesh,1992-08-30,30,Male,Marathi,9356456616,412205
417,rajkumar,2010-05-02,13,Male,Marathi,9356456616,413304
418,neeraj kandari,1979-09-04,43,Male,Marathi,9356456616,411037
419,mukul verma,2013-02-22,10,Male,Marathi,9356456616,413304
420,rijakpal,2011-07-24,12,Male,Marathi,9356456616,413304
421,jai kishan,1983-11-14,39,Male,Marathi,9356456616,411037
422,munna lal jain,1995-04-22,28,Male,Marathi,9356456616,412205
423,jai prakash kashyap,1980-09-15,42,Male,Hindi,9356456616,413304
424,jai prakash kashyap,1999-03-22,24,Male,Hindi,9356456616,413304
425,shishram,2011-02-11,12,Male,Hindi,9356456616,412205
426,parveen aggarwal,2002-01-30,21,Male,Hindi,9356456616,413304
427,pramod paswan,1988-12-10,34,Male,Hindi,9356456616,412205
428,ajit,1974-08-16,49,Male,Hindi,9356456616,413304
429,deelip,1995-09-30,27,Male,Hindi,9356456616,413304
430,deelip,1986-03-23,37,Male,Hindi,9356456616,411037
431,rahul,2001-10-16,21,Male,Hindi,9356456616,413304
432,aaftaab husan,2000-01-12,23,Male,Hindi,9356456616,411037
433,monu,1978-01-31,45,Male,Hindi,9356456616,412205
434,ramesh,1974-11-08,48,Male,Hindi,9356456616,412205
435,sawan gupta,1977-04-24,46,Male,Hindi,9356456616,412205
436,munna lal,1994-08-11,29,Male,Hindi,9356456616,411037
437,saurabh,1973-11-25,49,Male,Hindi,9356456616,411037
438,sarvesh kumar pandey,1992-02-18,31,Male,Hindi,9356456616,411037
439,avdhesh,1991-10-27,31,Male,English,9356456616,411037
440,sohnal kumar singh,1977-10-07,45,Male,English,9356456616,412205
441,najar hussan,1983-12-09,39,Male,English,9356456616,412205
442,raman ,1977-12-02,45,Male,Marathi,9356456616,413304
443,lavtar singh,1997-08-21,26,Male,Marathi,9356456616,412205
444,nanak chand,2012-11-20,10,Male,Marathi,9356456616,412205
445,harprasad sahu,1994-08-11,29,Male,Marathi,9356456616,413304
446,vikas kumar,1996-07-21,27,Male,Marathi,9356456616,413304
447,ashsish kumar,1994-09-02,28,Male,Marathi,9356456616,411037
448,rajesh singh,2008-08-30,14,Male,Marathi,9356456616,412205
449,ashu,2003-06-29,20,Male,Marathi,9356456616,412205
450,manjeet,1988-10-13,34,Male,Marathi,9356456616,412205
451,jaipal,2009-12-30,13,Male,Marathi,9356456616,411037
452,jalil ansari,2003-11-01,19,Male,Hindi,9356456616,413304
453,deepak verma,1974-02-28,49,Male,Hindi,9356456616,411037
454,kasim,2003-06-03,20,Male,Hindi,9356456616,411037
455,monu kumar,1977-05-31,46,Male,English,9356456616,412205
456,shankar kumar,2002-10-06,20,Male,English,9356456616,412205
457,manish kumar saket,2002-03-20,21,Male,English,9356456616,413304
458,vijay,2000-12-26,22,Male,Marathi,9356456616,413304
459,udham,1980-10-29,42,Male,Marathi,9356456616,412205
460,saurabh,1991-05-06,32,Male,Marathi,9356456616,412205
461,ayush,1989-10-23,33,Male,Marathi,9356456616,412205
462,ravinder,1991-08-23,32,Male,Marathi,9356456616,412205
463,rahul,1995-06-09,28,Male,Marathi,9356456616,413304
464,narayan gadri,2003-08-27,19,Male,Marathi,9356456616,412205
465,lakshman nath,1984-06-27,39,Male,Marathi,9356456616,411037
466,rahul,1997-02-28,26,Male,Marathi,9356456616,411037
467,rohit,2003-10-27,19,Male,Marathi,9356456616,411037
468,ajay,1983-08-10,40,Male,Hindi,9356456616,411037
469,sachin kumar,2012-04-27,11,Male,Hindi,9356456616,413304
470,shahid,2010-03-13,13,Male,Hindi,9356456616,411037
471,amarjeet,2004-04-17,19,Male,English,9356456616,412205
472,munna @ ravi jaiswal,2007-11-03,15,Male,English,9356456616,411037
473,ishtkar,1993-04-16,30,Male,English,9356456616,412205
474,harish chand,1988-12-07,34,Male,Marathi,9356456616,413304
475,puneet jain,1977-08-03,46,Male,Marathi,9356456616,412205
476,abhishekh,1999-03-09,24,Male,Marathi,9356456616,413304
477,rashab,1997-06-14,26,Male,Marathi,9356456616,412205
478,amit kumar shukla,1975-06-07,48,Male,Marathi,9356456616,411037
479,vinod,1991-09-04,31,Male,Marathi,9356456616,411037
480,praful naag,1984-08-04,39,Male,Marathi,9356456616,411037
481,tarachand @ pappu,1995-07-13,28,Male,Marathi,9356456616,413304
482,deepak rana,1979-12-21,43,Male,Marathi,9356456616,412205
483,puran singh rastogi,1992-10-17,30,Male,Marathi,9356456616,411037
484,narender,1996-10-14,26,Male,Hindi,9356456616,412205
485,lal babu prasad,1975-01-08,48,Male,Hindi,9356456616,412205
486,dinesh,1984-02-13,39,Male,Hindi,9356456616,413304
487,rakesh,1975-11-11,47,Male,Marathi,9356456616,411037
488,ankush,1992-10-26,30,Male,Marathi,9356456616,411037
489,kuldeep,2003-10-03,19,Male,Marathi,9356456616,413304
490,lal chand,2010-11-08,12,Male,Marathi,9356456616,413304
491,vivek,1991-05-18,32,Male,Marathi,9356456616,413304
492,pankaj,2011-05-27,12,Male,Hindi,9356456616,411037
493,sanjay,1999-08-11,24,Male,Hindi,9356456616,413304
494,kiran pal,2011-09-05,11,Male,Hindi,9356456616,411037
495,ranveer singh,1994-09-30,28,Male,English,9356456616,413304
496,anwar,1985-03-19,38,Male,English,9356456616,412205
497,sadab urf golu,1994-09-02,28,Male,English,9356456616,412205
498,gorav,2008-08-30,14,Male,Marathi,9356456616,411037
499,raj kumar,2003-06-29,20,Male,Marathi,9356456616,411037
500,jitender,1988-10-13,34,Male,Marathi,9356456616,413304
501,laxmikant ,2009-12-30,13,Male,Marathi,9356456616,413304
502,narayan parsad bhushal,2003-11-01,19,Male,Marathi,9356456616,413304
503,abbas,1974-02-28,49,Male,Marathi,9356456616,411037
504,avinash,2003-06-03,20,Male,Marathi,9356456616,413304
505,ravish,1977-05-31,46,Male,Marathi,9356456616,412205
506,hukum chand,2002-10-06,20,Male,Marathi,9356456616,411037
507,pappu ,2002-03-20,21,Male,Marathi,9356456616,413304
508,akash tomer,1992-04-24,31,Male,Hindi,9356456616,411037
509,mahesh chand tiwari,1985-08-05,38,Male,Hindi,9356456616,413304
510,rekhai,1982-09-06,40,Male,Hindi,9356456616,412205
511,gajender kumar,1990-12-28,32,Male,English,9356456616,413304
512,vashudev,1999-08-28,23,Male,English,9356456616,411037
513,bhanwar singh,2010-10-30,12,Male,English,9356456616,412205
514,amit kumar,2007-08-04,16,Male,Marathi,9356456616,411037
515,surender sain,2009-11-14,13,Male,Marathi,9356456616,413304
516,akshay kumar,1994-12-19,28,Male,Marathi,9356456616,411037
517,goldy,1998-03-01,25,Male,Marathi,9356456616,412205
518,satyender @ kalu,2002-05-26,21,Male,Marathi,9356456616,411037
519,devender,1976-03-12,47,Male,Marathi,9356456616,412205
520,veer,2005-08-17,18,Male,Marathi,9356456616,413304
521,ankush @ shera,1974-09-25,48,Male,Marathi,9356456616,412205
522,mohd. amir,2003-02-16,20,Male,Marathi,9356456616,412205
523,babloo,1994-11-11,28,Male,Marathi,9356456616,411037
524,bhavesh dass,2001-04-26,22,Male,Hindi,9356456616,413304
525,gourav,1993-03-25,30,Male,Hindi,9356456616,411037
526,sunil,2006-12-29,16,Male,Hindi,9356456616,412205
527,guddu rai,1982-06-18,41,Male,Hindi,9356456616,411037
528,yogesh rawat,2006-02-26,17,Male,Hindi,9356456616,411037
529,amarapal,1978-02-26,45,Male,Hindi,9356456616,413304
530,rajesh agarwal,1976-03-11,47,Male,Hindi,9356456616,412205
531,tara singh rawat,2012-07-10,11,Male,Hindi,9356456616,413304
532,momin,1987-07-12,36,Male,Hindi,9356456616,411037
533,parnav kumar,1975-03-04,48,Male,Hindi,9356456616,412205
534,neeraj kumar,1977-12-08,45,Male,Hindi,9356456616,411037
535,parminder,1987-01-06,36,Male,Hindi,9356456616,413304
536,mustafa,1983-09-26,39,Male,Hindi,9356456616,411037
537,ajay haldar,1997-10-29,25,Male,Hindi,9356456616,411037
538,sanjay,1982-06-23,41,Male,Hindi,9356456616,412205
539,dharmender,2010-09-25,12,Male,Hindi,9356456616,412205
540,gaurav sethi,1991-04-08,32,Male,English,9356456616,411037
541,suresh,1996-10-26,26,Male,English,9356456616,411037
542,rohit,1990-04-11,33,Male,English,9356456616,412205
543,dinesh,2009-10-18,13,Male,Marathi,9356456616,412205
544,sachin kumar,1996-10-12,26,Male,Marathi,9356456616,412205
545,sagar,1997-11-06,25,Male,Marathi,9356456616,412205
546,vipin,1984-04-21,39,Male,Marathi,9356456616,411037
547,parth madan,2012-01-12,11,Male,Marathi,9356456616,413304
548,kuldeep,2008-08-11,15,Male,Marathi,9356456616,411037
549,abhimanyu,1988-11-26,34,Male,Marathi,9356456616,411037
550,pawan kumar @ sonu,2013-05-31,10,Male,Marathi,9356456616,412205
551,rohan,2007-02-25,16,Male,Marathi,9356456616,412205
552,raju garg,1977-09-21,45,Male,Marathi,9356456616,412205
553,samir mishra,2003-04-03,20,Male,Hindi,9356456616,411037
554,ram dayal,2003-10-28,19,Male,Hindi,9356456616,413304
555,jagdish chand,1993-08-09,30,Male,Hindi,9356456616,412205
556,kanheya,1983-10-14,39,Male,English,9356456616,413304
557,deepak,1978-06-05,45,Male,English,9356456616,413304
558,mushrraf,1995-03-24,28,Male,English,9356456616,411037
559,prem,2012-10-18,10,Male,Marathi,9356456616,412205
560,pardeep kumar,2004-04-02,19,Male,Marathi,9356456616,412205
561,monu,1991-12-29,31,Male,Marathi,9356456616,412205
562,pawan,2008-04-12,15,Male,Marathi,9356456616,411037
563,manoj kumar,1998-10-25,24,Male,Marathi,9356456616,412205
564,deepak,1979-11-13,43,Male,Marathi,9356456616,412205
565,nithyanandham,1974-05-25,49,Male,Marathi,9356456616,413304
566,deepak goyal,1988-07-06,35,Male,Marathi,9356456616,413304
567,sunil ladkani,1975-03-07,48,Male,Marathi,9356456616,413304
568,ajay,1991-12-24,31,Male,Marathi,9356456616,412205
569,gopal,1983-01-10,40,Male,Hindi,9356456616,412205
570,vivek,1989-04-23,34,Male,Hindi,9356456616,411037
571,mahavir,1976-05-04,47,Male,Hindi,9356456616,412205
572,indra sain,2011-08-21,12,Male,English,9356456616,413304
573,soni,1992-08-30,30,Male,English,9356456616,412205
574,arun kumar,2010-05-02,13,Male,English,9356456616,413304
575,ashok sharma,1979-09-04,43,Male,Marathi,9356456616,411037
576,veer singh,2013-02-22,10,Male,Marathi,9356456616,412205
577,aman dahiya,2011-07-24,12,Male,Marathi,9356456616,413304
578,pawan,1983-11-14,39,Male,Marathi,9356456616,413304
579,laxmi narayan,1995-04-22,28,Male,Marathi,9356456616,413304
580,vikram dubey,1980-09-15,42,Male,Marathi,9356456616,413304
581,rima,1999-03-22,24,Male,Marathi,9356456616,411037
582,suraj,2011-02-11,12,Male,Marathi,9356456616,413304
583,virender,2002-01-30,21,Male,Marathi,9356456616,412205
584,tara singh rawat,1988-12-10,34,Male,Marathi,9356456616,411037
585,ramjan khan,1974-08-16,49,Male,Hindi,9356456616,412205
586,sunder,1995-09-30,27,Male,Hindi,9356456616,412205
587,omparkash,1986-03-23,37,Male,Hindi,9356456616,411037
588,saddam,2001-10-16,21,Male,Marathi,9356456616,413304
589,alok tiwari,2000-01-12,23,Male,Marathi,9356456616,412205
590,vude bhadur,1978-01-31,45,Male,Marathi,9356456616,413304
591,prem singh bidla,1974-11-08,48,Male,Marathi,9356456616,411037
592,chetanya swaroop,1977-04-24,46,Male,Marathi,9356456616,412205
593,pinkoo @ guddu,1994-08-11,29,Male,Hindi,9356456616,413304
594,shardanand,1973-11-25,49,Male,Hindi,9356456616,412205
595,vikash,1992-02-18,31,Male,Hindi,9356456616,411037
596,henkhochon haokip,1991-10-27,31,Male,English,9356456616,413304
597,gaurav shankar,1977-10-07,45,Male,English,9356456616,411037
598,shsi kant,1983-12-09,39,Male,English,9356456616,411037
599,md. tavrej,1977-12-02,45,Male,Marathi,9356456616,411037
600,amrudin,1997-08-21,26,Male,Marathi,9356456616,411037
601,shahnawaz,2012-11-20,10,Male,Marathi,9356456616,413304
602,brij raj,1994-08-11,29,Male,Marathi,9356456616,413304
603,aman kumar,1996-07-21,27,Male,Marathi,9356456616,412205
604,dinesh,1994-09-02,28,Male,Marathi,9356456616,413304
605,vijay kumar,2008-08-30,14,Male,Marathi,9356456616,412205
606,baban ,2003-06-29,20,Male,Marathi,9356456616,413304
607,subham kumar yadav,1988-10-13,34,Male,Marathi,9356456616,413304
608,sapna,2009-12-30,13,Male,Marathi,9356456616,411037
609,surendra,2003-11-01,19,Male,Hindi,9356456616,413304
610,naveen,1974-02-28,49,Male,Hindi,9356456616,413304
611,ram niwas,2003-06-03,20,Male,Hindi,9356456616,412205
612,amar,1977-05-31,46,Male,English,9356456616,412205
613,nanhu khan,2002-10-06,20,Male,English,9356456616,412205
614,kishan,2002-03-20,21,Male,English,9356456616,413304
615,dharmender,2010-02-26,13,Male,Marathi,9356456616,411037
616,raja ram,2010-03-07,13,Male,Marathi,9356456616,413304
617,rishab,1992-08-07,31,Male,Marathi,9356456616,411037
618,ziyabul,1992-03-14,31,Male,Marathi,9356456616,413304
619,jag mohan,2009-04-05,14,Male,Marathi,9356456616,413304
620,devender,1981-01-02,42,Male,Marathi,9356456616,411037
621,ritu raj kumar,2010-05-23,13,Male,Marathi,9356456616,411037
622,manoj kumar,2000-11-04,22,Male,Marathi,9356456616,413304
623,raj kapoor,2004-01-30,19,Male,Marathi,9356456616,412205
624,arvind agarwal ,1981-09-07,41,Male,Marathi,9356456616,411037
625,rajbir ahlawat,1984-05-16,39,Male,Hindi,9356456616,411037
626,mohd faijan,1993-07-27,30,Male,Hindi,9356456616,411037
627,suraj,2007-06-10,16,Male,Hindi,9356456616,411037
628,shyama,2007-02-22,16,Male,Hindi,9356456616,412205
629,mohd. firoz,1990-08-16,33,Male,Hindi,9356456616,412205
630,jagdish,2006-05-21,17,Male,Hindi,9356456616,412205
631,bhag chand,2008-10-12,14,Male,Hindi,9356456616,412205
632,sachin,1976-04-25,47,Male,Hindi,9356456616,411037
633,parbhat,1986-07-14,37,Male,Hindi,9356456616,412205
634,aamod & pramod,1999-04-26,24,Male,Hindi,9356456616,412205
635,chander shekhar,1979-07-28,44,Male,Hindi,9356456616,411037
636,nanagram,1984-10-18,38,Male,Hindi,9356456616,413304
637,gautam,2013-05-24,10,Male,Hindi,9356456616,412205
638,mohan,1985-07-10,38,Male,Hindi,9356456616,411037
639,govind,1995-06-17,28,Male,Hindi,9356456616,412205
640,raja babu,1997-08-02,26,Male,Hindi,9356456616,411037
641,pramjot singh,1990-02-17,33,Male,English,9356456616,411037
642,abhinav vashit,1999-04-14,24,Male,English,9356456616,411037
643,usha,1990-04-25,33,Male,English,9356456616,411037
644,vivek chabra,1995-09-12,27,Male,Marathi,9356456616,412205
645,ashish,1982-09-05,40,Male,Marathi,9356456616,411037
646,ankit,2003-10-07,19,Male,Marathi,9356456616,411037
647,harish chand,2000-12-26,22,Male,Marathi,9356456616,412205
648,nootan prakash yadav,1980-10-29,42,Male,Marathi,9356456616,411037
649,surender,1991-05-06,32,Male,Marathi,9356456616,411037
650,chhotelal,1989-10-23,33,Male,Marathi,9356456616,413304
651,karan,1991-08-23,32,Female,Marathi,9356456616,412205
652,karan,1995-06-09,28,Female,Marathi,9356456616,412205
653,abdul kadir,2003-08-27,19,Female,Marathi,9356456616,412205
654,vikas kumar,1984-06-27,39,Female,Hindi,9356456616,411037
655,sambhu,1997-02-28,26,Female,Hindi,9356456616,413304
656,bablu,2003-10-27,19,Female,Hindi,9356456616,413304
657,bablu,1983-08-10,40,Female,English,9356456616,412205
658,rajender ,2012-04-27,11,Female,English,9356456616,412205
659,ram ldaike,2010-03-13,13,Female,English,9356456616,411037
660,raju,2004-04-17,19,Female,Marathi,9356456616,413304
661,yasib,2007-11-03,15,Female,Marathi,9356456616,411037
662,sone lal shah,1993-04-16,30,Female,Marathi,9356456616,412205
663,manoj kumar,1988-12-07,34,Female,Marathi,9356456616,412205
664,shivani,1977-08-03,46,Female,Marathi,9356456616,413304
665,isha,1999-03-09,24,Female,Marathi,9356456616,412205
666,smt shyani devi,1997-06-14,26,Female,Marathi,9356456616,413304
667,divya,1975-06-07,48,Female,Marathi,9356456616,411037
668,mansi,1991-09-04,31,Female,Marathi,9356456616,413304
669,mazida,1984-08-04,39,Female,Marathi,9356456616,413304
670,pooja,1995-07-13,28,Female,Hindi,9356456616,413304
671,kajal,1979-12-21,43,Female,Hindi,9356456616,413304
672,meena,1992-10-17,30,Female,Hindi,9356456616,411037
673,sonam,1996-10-14,26,Female,English,9356456616,411037
674,buity,1975-01-08,48,Female,English,9356456616,413304
675,hina,1984-02-13,39,Female,English,9356456616,411037
676,shakshi sagar,1975-11-11,47,Female,Marathi,9356456616,413304
677,pooja,1992-10-26,30,Female,Marathi,9356456616,412205
678,anita,2003-10-03,19,Female,Marathi,9356456616,412205
679,neetu,2010-11-08,12,Female,Marathi,9356456616,413304
680,anshu d/o,1991-05-18,32,Female,Marathi,9356456616,412205
681,kanika kathuria,2011-05-27,12,Female,Marathi,9356456616,412205
682,manju,1999-08-11,24,Female,Marathi,9356456616,412205
683,shakshi,2011-09-05,11,Female,Marathi,9356456616,412205
684,anita,1994-09-30,28,Female,Marathi,9356456616,413304
685,reena,1985-03-19,38,Female,Marathi,9356456616,412205
686,neha,1994-09-02,28,Female,Hindi,9356456616,412205
687,khushboo,2008-08-30,14,Female,Hindi,9356456616,411037
688,aasmin,2003-06-29,20,Female,Hindi,9356456616,413304
689,jyoti,1988-10-13,34,Female,Marathi,9356456616,411037
690,riya masi,2009-12-30,13,Female,Marathi,9356456616,413304
691,rekha,2003-11-01,19,Female,Marathi,9356456616,413304
692,leela with a child,1974-02-28,49,Female,Marathi,9356456616,411037
693,isha,2003-06-03,20,Female,Marathi,9356456616,413304
694,gulshan,1977-05-31,46,Female,Hindi,9356456616,411037
695,priya jain,2002-10-06,20,Female,Hindi,9356456616,413304
696,pooja,2002-03-20,21,Female,Hindi,9356456616,412205
697,rakhi @payal,1992-04-24,31,Female,English,9356456616,412205
698,versha,1985-08-05,38,Female,English,9356456616,413304
699,sunita,1982-09-06,40,Female,English,9356456616,413304
700,nitu kumari,1990-12-28,32,Female,Marathi,9356456616,412205
701,vandana,1999-08-28,23,Female,Marathi,9356456616,411037
702,roshni,2010-10-30,12,Female,Marathi,9356456616,412205
703,parveen,2007-08-04,16,Female,Marathi,9356456616,413304
704,versa,2009-11-14,13,Female,Marathi,9356456616,411037
705,kavita,1994-12-19,28,Female,Marathi,9356456616,413304
706,pooja,1998-03-01,25,Female,Marathi,9356456616,413304
707,sarojani,2002-05-26,21,Female,Marathi,9356456616,411037
708,nagina,1976-03-12,47,Female,Marathi,9356456616,413304
709,tapas das,2005-08-17,18,Female,Marathi,9356456616,413304
710,priyanka,1974-09-25,48,Female,Hindi,9356456616,413304
711,santna,2003-02-16,20,Female,Hindi,9356456616,413304
712,khushbu,1994-11-11,28,Female,Hindi,9356456616,413304
713,pooja,2001-04-26,22,Female,English,9356456616,413304
714,any bobby,1993-03-25,30,Female,English,9356456616,413304
715,deeya kumari,2006-12-29,16,Female,English,9356456616,411037
716,anjali juneja,1982-06-18,41,Female,Marathi,9356456616,413304
717,anjali @ babli,2006-02-26,17,Female,Marathi,9356456616,411037
718,champa karketta,1978-02-26,45,Female,Marathi,9356456616,412205
719,anshu,1976-03-11,47,Female,Marathi,9356456616,412205
720,monika,2012-07-10,11,Female,Marathi,9356456616,411037
721,rimmi singh,1987-07-12,36,Female,Marathi,9356456616,412205
722,aanamika misra,1975-03-04,48,Female,Marathi,9356456616,412205
723,chahat,1977-12-08,45,Female,Marathi,9356456616,412205
724,manju,1987-01-06,36,Female,Marathi,9356456616,413304
725,nagma khatoon,1983-09-26,39,Female,Marathi,9356456616,412205
726,pooja,1997-10-29,25,Female,Hindi,9356456616,413304
727,sonam,1982-06-23,41,Female,Hindi,9356456616,411037
728,koshal,2010-09-25,12,Female,Hindi,9356456616,413304
730,sandhya,1991-04-08,32,Female,Hindi,9356456616,411037
731,poonam,1996-10-26,26,Female,Hindi,9356456616,412205
732,sna,1990-04-11,33,Female,Hindi,9356456616,411037
733,nikita senger,2009-10-18,13,Female,Hindi,9356456616,412205
734,layba noor,1996-10-12,26,Female,Hindi,9356456616,411037
735,iqra,1997-11-06,25,Female,Hindi,9356456616,411037
736,salima,1984-04-21,39,Female,Hindi,9356456616,411037
737,naziya siddiqui,2012-01-12,11,Female,Hindi,9356456616,411037
738,priti,2008-08-11,15,Female,Hindi,9356456616,413304
739,kamni,1988-11-26,34,Female,Hindi,9356456616,413304
740,sandhya,2013-05-31,10,Female,Hindi,9356456616,413304
741,renu @ rinki,2007-02-25,16,Female,Hindi,9356456616,411037
742,priya,1977-09-21,45,Female,Hindi,9356456616,413304
743,pooja,2003-04-03,20,Female,English,9356456616,411037
744,minakchi,2003-10-28,19,Female,English,9356456616,413304
745,ruby,1993-08-09,30,Female,English,9356456616,411037
746,smt.farhana baigum,1983-10-14,39,Female,Marathi,9356456616,413304
747,sheetal,1978-06-05,45,Female,Marathi,9356456616,412205
748,kalyani patro,1995-03-24,28,Female,Marathi,9356456616,412205
749,anjali,2012-10-18,10,Female,Marathi,9356456616,412205
750,priyanka,2004-04-02,19,Female,Marathi,9356456616,412205
751,palak @ simran,1991-12-29,31,Female,Marathi,9356456616,412205
752,babita,2008-04-12,15,Female,Marathi,9356456616,412205
753,gurdeep kaur,1998-10-25,24,Female,Marathi,9356456616,412205
754,dhanwanti  devi,1979-11-13,43,Female,Marathi,9356456616,411037
755,fooljhnah,1974-05-25,49,Female,Marathi,9356456616,413304
756,vandana,1988-07-06,35,Female,Hindi,9356456616,411037
757,smt. gyatri devi,1975-03-07,48,Female,Hindi,9356456616,413304
758,shehnaz,1991-12-24,31,Female,Hindi,9356456616,412205
759,kajal,1983-01-10,40,Female,English,9356456616,413304
760,pooja,1989-04-23,34,Female,English,9356456616,411037
761,ranju,1976-05-04,47,Female,English,9356456616,411037
762,vidhi,2011-08-21,12,Female,Marathi,9356456616,412205
763,pooja kashyap,1992-08-30,30,Female,Marathi,9356456616,411037
764,jyoti,2010-05-02,13,Female,Marathi,9356456616,411037
765,meena kumari,1979-09-04,43,Female,Marathi,9356456616,412205
766,"savita, sagar, panap",2013-02-22,10,Female,Marathi,9356456616,412205
767,reena devi,2011-07-24,12,Female,Marathi,9356456616,412205
768,neha,1983-11-14,39,Female,Marathi,9356456616,411037
769,payal goyala,1995-04-22,28,Female,Marathi,9356456616,413304
770,rakhi,1980-09-15,42,Female,Marathi,9356456616,411037
771,priynka,1999-03-22,24,Female,Marathi,9356456616,413304
772,janki,2011-02-11,12,Female,Hindi,9356456616,411037
773,laxmi  kumari,2002-01-30,21,Female,Hindi,9356456616,413304
774,rinku malav,1988-12-10,34,Female,Hindi,9356456616,412205
775,sohni,1974-08-16,49,Female,English,9356456616,413304
776,basnti,1995-09-30,27,Female,English,9356456616,413304
777,meera,1986-03-23,37,Female,English,9356456616,411037
778,pinki,2001-10-16,21,Female,Marathi,9356456616,411037
779,shivani,2000-01-12,23,Female,Marathi,9356456616,413304
780,kiran devi,1978-01-31,45,Female,Marathi,9356456616,413304
781,sonia,1974-11-08,48,Female,Marathi,9356456616,413304
782,doly,1977-04-24,46,Female,Marathi,9356456616,412205
783,raj kumari,1994-08-11,29,Female,Marathi,9356456616,411037
784,manisha,1973-11-25,49,Female,Marathi,9356456616,411037
785,laxmi devi,1992-02-18,31,Female,Marathi,9356456616,411037
786,swati joshi,1991-10-27,31,Female,Marathi,9356456616,412205
787,aashiya,1977-10-07,45,Female,Marathi,9356456616,412205
788,reena,1983-12-09,39,Female,Hindi,9356456616,411037
789,vimla,1977-12-02,45,Female,Hindi,9356456616,412205
790,suman,1997-08-21,26,Female,Hindi,9356456616,413304
791,sunita,2012-11-20,10,Female,Marathi,9356456616,413304
792,sunita,1994-08-11,29,Female,Marathi,9356456616,412205
793,karina @ kavita,1996-07-21,27,Female,Marathi,9356456616,411037
794,pooja jayshwal,1994-09-02,28,Female,Marathi,9356456616,413304
795,pooja prajapati @ pratibha,2008-08-30,14,Female,Marathi,9356456616,411037
796,seema,2003-06-29,20,Female,Hindi,9356456616,411037
797,kranti,1988-10-13,34,Female,Hindi,9356456616,412205
798,neha,2009-12-30,13,Female,Hindi,9356456616,411037
799,dimpal @doli,2003-11-01,19,Female,English,9356456616,411037
800,aarti devi,1974-02-28,49,Female,English,9356456616,413304
801,sashi mittal,2003-06-03,20,Female,English,9356456616,413304
802,pooja,1977-05-31,46,Female,Marathi,9356456616,411037
803,preeti,2002-10-06,20,Female,Marathi,9356456616,411037
804,priyanka,2002-03-20,21,Female,Marathi,9356456616,412205
805,shajiya,1992-04-24,31,Female,Marathi,9356456616,411037
806,priya sexena,1985-08-05,38,Female,Marathi,9356456616,412205
807,preeti,1982-09-06,40,Female,Marathi,9356456616,412205
808,shanti devi,1990-12-28,32,Female,Marathi,9356456616,413304
809,sitara,1999-08-28,23,Female,Marathi,9356456616,411037
810,aakanksha,2010-10-30,12,Female,Marathi,9356456616,412205
811,charu,2007-08-04,16,Female,Marathi,9356456616,412205
812,pinki,2009-11-14,13,Female,Hindi,9356456616,412205
813,nilam devi,1994-12-19,28,Female,Hindi,9356456616,411037
814,chango uraon,1998-03-01,25,Female,Hindi,9356456616,413304
815,shiv kumari,2002-05-26,21,Female,English,9356456616,412205
816,kaushaliya,1976-03-12,47,Female,English,9356456616,411037
817,babita,2005-08-17,18,Female,English,9356456616,413304
818,mangla urf mangi bai,1974-09-25,48,Female,Marathi,9356456616,411037
819,grace p.a.,2003-02-16,20,Female,Marathi,9356456616,412205
820,usha,1994-11-11,28,Female,Marathi,9356456616,413304
821,smt rubi,2001-04-26,22,Female,Marathi,9356456616,412205
822,nisha @ chinu,1993-03-25,30,Female,Marathi,9356456616,411037
823,subhadra,2006-12-29,16,Female,Marathi,9356456616,412205
824,lalita,1982-06-18,41,Female,Marathi,9356456616,412205
825,asma khatun,2006-02-26,17,Female,Marathi,9356456616,412205
826,anjali,1978-02-26,45,Female,Marathi,9356456616,413304
827,kalawati,1976-03-11,47,Female,Marathi,9356456616,412205
828,seema,2012-07-10,11,Female,Hindi,9356456616,412205
829,santosh singal,1987-07-12,36,Female,Hindi,9356456616,412205
830,priyanka,1975-03-04,48,Female,Hindi,9356456616,411037
831,tina,1977-12-08,45,Female,Hindi,9356456616,413304
832,chanchal,1987-01-06,36,Female,Hindi,9356456616,412205
833,mercy,1983-09-26,39,Female,Hindi,9356456616,412205
834,poonam,1997-10-29,25,Female,Hindi,9356456616,411037
835,smt. manju,1982-06-23,41,Female,Hindi,9356456616,411037
836,varsha,2010-09-25,12,Female,Hindi,9356456616,413304
837,huma khan,1991-04-08,32,Female,Hindi,9356456616,411037
838,gulbasha,1996-10-26,26,Female,Hindi,9356456616,412205
839,seema khatun,1990-04-11,33,Female,Hindi,9356456616,412205
840,seema,2009-10-18,13,Female,Hindi,9356456616,413304
841,roshni,1996-10-12,26,Female,Hindi,9356456616,411037
842,rahila maqbool,1997-11-06,25,Female,Hindi,9356456616,411037
843,kajal choudhary,1984-04-21,39,Female,Hindi,9356456616,412205
844,preeti,2012-01-12,11,Female,English,9356456616,412205
845,geeta devi,2008-08-11,15,Female,English,9356456616,413304
846,swati thakur,1988-11-26,34,Female,English,9356456616,411037
847,pooja,2013-05-31,10,Female,Marathi,9356456616,412205
848,shenaz,2007-02-25,16,Female,Marathi,9356456616,411037
849,rinki,1977-09-21,45,Female,Marathi,9356456616,411037
850,chandni,2003-04-03,20,Female,Marathi,9356456616,411037
851,priyanka,2003-10-28,19,Female,Marathi,9356456616,413304
852,ruksana,1993-08-09,30,Female,Marathi,9356456616,412205
853,vivek kumar,1983-10-14,39,Female,Marathi,9356456616,411037
854,kiran,1978-06-05,45,Female,Marathi,9356456616,412205
855,nisha,1995-03-24,28,Female,Marathi,9356456616,411037
857,jyoti,2012-10-18,10,Female,Marathi,9356456616,413304
858,rajni,2004-04-02,19,Female,Hindi,9356456616,412205
859,nidhi kumari,1991-12-29,31,Female,Hindi,9356456616,413304
860,seema @ simran,2008-04-12,15,Female,Hindi,9356456616,411037
861,usha devi,1998-10-25,24,Female,English,9356456616,412205
862,kajal,1979-11-13,43,Female,English,9356456616,413304
863,mala devi @ nisha,1974-05-25,49,Female,English,9356456616,411037
864,khushbu,1988-07-06,35,Female,Marathi,9356456616,411037
865,meena,1975-03-07,48,Female,Marathi,9356456616,411037
866,hamida khatun,1991-12-24,31,Female,Marathi,9356456616,411037
867,chanchal,1983-01-10,40,Female,Marathi,9356456616,411037
868,aarti,1989-04-23,34,Female,Marathi,9356456616,411037
869,kanchan,1976-05-04,47,Female,Marathi,9356456616,413304
870,pooja,2011-08-21,12,Female,Marathi,9356456616,413304
871,jyoti,1992-08-30,30,Female,Marathi,9356456616,411037
872,priyaki rav,2010-05-02,13,Female,Marathi,9356456616,412205
873,ranu tiwari,1979-09-04,43,Female,Marathi,9356456616,413304
874,anita devi,2013-02-22,10,Female,Hindi,9356456616,412205
875,leelawati,2011-07-24,12,Female,Hindi,9356456616,412205
876,sunita,1983-11-14,39,Female,Hindi,9356456616,413304
877,manju devi,1995-04-22,28,Female,English,9356456616,413304
878,kamla,1980-09-15,42,Female,English,9356456616,412205
879,arti,1999-03-22,24,Female,English,9356456616,411037
880,pooja,2011-02-11,12,Female,Marathi,9356456616,411037
881,,2002-01-30,21,Female,Marathi,9356456616,411037
882,mamta,1988-12-10,34,Female,Marathi,9356456616,412205
883,anju,1974-08-16,49,Female,Marathi,9356456616,411037
884,priyanka,1995-09-30,27,Female,Marathi,9356456616,411037
885,aarti,1986-03-23,37,Female,Marathi,9356456616,413304
886,noor bano,2001-10-16,21,Female,Marathi,9356456616,411037
887,saroj,2000-01-12,23,Female,Marathi,9356456616,413304
888,chandni,1978-01-31,45,Female,Marathi,9356456616,412205
889,rosy massey,1974-11-08,48,Female,Marathi,9356456616,413304
890,poonam,2000-12-26,22,Female,Hindi,9356456616,412205
891,rinukanwr,1980-10-29,42,Female,Hindi,9356456616,411037
892,poonam,1991-05-06,32,Female,Hindi,9356456616,412205
893,shalu,1989-10-23,33,Female,Marathi,9356456616,413304
894,sneha,1991-08-23,32,Female,Marathi,9356456616,411037
895,neetu,1995-06-09,28,Female,Marathi,9356456616,411037
896,komal,2003-08-27,19,Female,Marathi,9356456616,412205
897,sapna,1984-06-27,39,Female,Marathi,9356456616,412205
898,sashi,1997-02-28,26,Female,Hindi,9356456616,412205
899,devki,2003-10-27,19,Female,Hindi,9356456616,411037
900,priya @ nandani,1983-08-10,40,Female,Hindi,9356456616,412205
902,aarti,2012-04-27,11,Female,English,9356456616,411037
903,pooja,2010-03-13,13,Female,English,9356456616,413304
904,sahin,2004-04-17,19,Female,English,9356456616,412205
905,sunita,2007-11-03,15,Female,Marathi,9356456616,412205
906,shalu,1993-04-16,30,Female,Marathi,9356456616,411037
907,anita,1988-12-07,34,Female,Marathi,9356456616,412205
908,asha kumari,1977-08-03,46,Female,Marathi,9356456616,413304
909,komal,1999-03-09,24,Female,Marathi,9356456616,412205
910,kusum,1997-06-14,26,Female,Marathi,9356456616,411037
911,archna,1975-06-07,48,Female,Marathi,9356456616,413304
912,himanshi @ roshani,1991-09-04,31,Female,Marathi,9356456616,413304
913,jyoti,1984-08-04,39,Female,Marathi,9356456616,413304
914,jyoti,1995-07-13,28,Female,Marathi,9356456616,413304
915,aarti,1979-12-21,43,Female,Hindi,9356456616,412205
916,anuradha,1992-10-17,30,Female,Hindi,9356456616,413304
917,durga,1996-10-14,26,Female,Hindi,9356456616,411037
918,km sunita,1975-01-08,48,Female,English,9356456616,412205
919,sony jha,1984-02-13,39,Female,English,9356456616,413304
920,sheetal,1975-11-11,47,Female,English,9356456616,413304
921,preety,1992-10-26,30,Female,Marathi,9356456616,411037
922,rubina,2003-10-03,19,Female,Marathi,9356456616,413304
923,sangeeta,2010-11-08,12,Female,Marathi,9356456616,412205
924,madhuri sharma,1991-05-18,32,Female,Marathi,9356456616,413304
925,shabanm,2011-05-27,12,Female,Marathi,9356456616,411037
926,sunita,1999-08-11,24,Female,Marathi,9356456616,411037
927,meena,2011-09-05,11,Female,Marathi,9356456616,412205
928,meenu chawla,1994-09-30,28,Female,Marathi,9356456616,411037
929,nisha,1985-03-19,38,Female,Marathi,9356456616,413304
930,roshni,1994-09-02,28,Female,Marathi,9356456616,412205
931,amar deep kaur,2008-08-30,14,Female,Hindi,9356456616,411037
932,jyoti,2003-06-29,20,Female,Hindi,9356456616,413304
933,shakshi,1988-10-13,34,Female,Hindi,9356456616,411037
934,neelam,2009-12-30,13,Female,Hindi,9356456616,413304
935,aarti,2003-11-01,19,Female,Hindi,9356456616,411037
936,smt sunita,1974-02-28,49,Female,Hindi,9356456616,411037
937,rajia,2003-06-03,20,Female,Hindi,9356456616,413304
938,devi,1977-05-31,46,Female,Hindi,9356456616,412205
939,sita,2002-10-06,20,Female,Hindi,9356456616,411037
940,rubi,2002-03-20,21,Female,Hindi,9356456616,412205
941,jyoti,1992-04-24,31,Female,Hindi,9356456616,413304
942,priyansi,1985-08-05,38,Female,Hindi,9356456616,412205
943,nandu,1982-09-06,40,Female,Hindi,9356456616,413304
944,nazmin,1990-12-28,32,Female,Hindi,9356456616,412205
945,neha,1999-08-28,23,Female,Hindi,9356456616,413304
946,varsha,2010-10-30,12,Female,Hindi,9356456616,411037
947,tripti,2007-08-04,16,Female,English,9356456616,413304
948,ramvati,2009-11-14,13,Female,English,9356456616,413304
949,vandana,1994-12-19,28,Female,English,9356456616,411037
950,afsana,1998-03-01,25,Female,Marathi,9356456616,411037
951,farida begam,2002-05-26,21,Female,Marathi,9356456616,411037
952,khushbu,1976-03-12,47,Female,Marathi,9356456616,413304
953,neha,2005-08-17,18,Female,Marathi,9356456616,412205
954,arti,1974-09-25,48,Female,Marathi,9356456616,412205
955,simran,2003-02-16,20,Female,Marathi,9356456616,412205
956,ranita,1994-11-11,28,Female,Marathi,9356456616,413304
957,yogita tiwari,2001-04-26,22,Female,Marathi,9356456616,411037
958,asha,1993-03-25,30,Female,Marathi,9356456616,413304
959,kiran devi,2006-12-29,16,Female,Marathi,9356456616,411037
960,pooja,1982-06-18,41,Female,Hindi,9356456616,413304
961,soniya,2006-02-26,17,Female,Hindi,9356456616,412205
962,hemlata,1978-02-26,45,Female,Hindi,9356456616,411037
963,priyanka,1976-03-11,47,Female,English,9356456616,413304
964,kajal,2012-07-10,11,Female,English,9356456616,411037
965,sushma,1987-07-12,36,Female,English,9356456616,412205
966,kavita,1975-03-04,48,Female,Marathi,9356456616,411037
967,ranjana,1977-12-08,45,Female,Marathi,9356456616,413304
968,benjir heena mohd.,1987-01-06,36,Female,Marathi,9356456616,411037
969,manju,1983-09-26,39,Female,Marathi,9356456616,411037
970,soniya,1997-10-29,25,Female,Marathi,9356456616,412205
971,seema,1982-06-23,41,Female,Marathi,9356456616,411037
972,komal,2010-09-25,12,Female,Marathi,9356456616,413304
973,salma,1991-04-08,32,Female,Marathi,9356456616,413304
974,rukshana,1996-10-26,26,Female,Marathi,9356456616,413304
975,palak,1990-04-11,33,Female,Marathi,9356456616,412205
976,astha,2009-10-18,13,Female,Hindi,9356456616,413304
977,fahija,1996-10-12,26,Female,Hindi,9356456616,412205
978,reeta,1997-11-06,25,Female,Hindi,9356456616,413304
979,noojo khatoon,1984-04-21,39,Female,English,9356456616,412205
980,chaya,2012-01-12,11,Female,English,9356456616,411037
981,vandana,2008-08-11,15,Female,English,9356456616,413304
982,pooja,1988-11-26,34,Female,Marathi,9356456616,411037
983,mamta,2013-05-31,10,Female,Marathi,9356456616,413304
984,kiran,2007-02-25,16,Female,Marathi,9356456616,413304
985,sakila,1977-09-21,45,Female,Marathi,9356456616,413304
986,rehana,2003-04-03,20,Female,Marathi,9356456616,413304
987,mamta,2003-10-28,19,Female,Marathi,9356456616,413304
988,jyoti,1993-08-09,30,Female,Marathi,9356456616,413304
989,radha devi,1983-10-14,39,Female,Marathi,9356456616,411037
990,kumari komal,1978-06-05,45,Female,Marathi,9356456616,412205
991,neha siddiki,1995-03-24,28,Female,Marathi,9356456616,412205
992,geeta,2012-10-18,10,Female,Hindi,9356456616,413304
993,mira,2004-04-02,19,Female,Hindi,9356456616,411037
994,smt. anju,1991-12-29,31,Female,Hindi,9356456616,411037
995,neha,2008-04-12,15,Female,Marathi,9356456616,412205
996,manisha,1998-10-25,24,Female,Marathi,9356456616,411037
997,priti,1979-11-13,43,Female,Marathi,9356456616,412205
998,swati,1974-05-25,49,Female,Marathi,9356456616,411037
999,seema,1988-07-06,35,Female,Marathi,9356456616,412205
1000,roshini praveen,1975-03-07,48,Female,Hindi,9356456616,412205
1001,neha,1991-12-24,31,Female,Hindi,9356456616,413304
1002,anjali,1983-01-10,40,Female,Hindi,9356456616,412205
1003,afsana,1989-04-23,34,Female,English,9356456616,411037
1004,shilpa,1976-05-04,47,Female,English,9356456616,412205
1005,sudha kumari,2011-08-21,12,Female,English,9356456616,411037
1006,afrin,1992-08-30,30,Female,Marathi,9356456616,412205
1007,sabnam,2010-05-02,13,Female,Marathi,9356456616,
1009,monika,1979-09-04,43,Female,Marathi,9356456616,
1010,anjum devi,2013-02-22,10,Female,Marathi,9356456616,
1011,smt dhapa devi,2011-07-24,12,Female,Marathi,9356456616,
1012,priti,1983-11-14,39,Female,Marathi,9356456616,
1013,yogita,1995-04-22,28,Female,Marathi,9356456616,
1014,mohini,1980-09-15,42,Female,Marathi,9356456616,
1015,samsad,1999-03-22,24,Female,Marathi,9356456616,
1016,sama,2011-02-11,12,Female,Marathi,9356456616,
1017,kusum,2002-01-30,21,Female,Hindi,9356456616,
1018,maya,1988-12-10,34,Female,Hindi,9356456616,
1019,jassi,1974-08-16,49,Female,Hindi,9356456616,
1020,raj kumari,1995-09-30,27,Female,English,9356456616,
1021,arti,1986-03-23,37,Female,English,9356456616,
1022,priyanka,2001-10-16,21,Female,English,9356456616,
1023,priya,2000-01-12,23,Female,Marathi,9356456616,
1024,maya,1978-01-31,45,Female,Marathi,9356456616,
1025,yashoda,1974-11-08,48,Female,Marathi,9356456616,
1026,susila gudiya,1977-04-24,46,Female,Marathi,9356456616,
1027,kajal,1994-08-11,29,Female,Marathi,9356456616,
1028,kumari shivani,1973-11-25,49,Female,Marathi,9356456616,
1029,ramaiya,1992-02-18,31,Female,Marathi,9356456616,
1030,kamli,1991-10-27,31,Female,Marathi,9356456616,
